test@test.test|2016-11-27 21:18:40|x9bw8cea| 
test@test.test|2016-11-27 21:21:48|xh61yf9jk| 
test@test.test|2016-11-27 21:22:41|x4_lnc_n| 
test@test.test|2016-11-27 21:25:16|xesukl1o0| 
test@test.test|2016-11-27 21:53:32|xbh2uif4a| 
test@test.test|2016-11-27 23:17:36|x83c9yhb| 
test@test.test|2016-11-28 17:26:19|xg4gf-8_| 
test@test.test|2016-12-01 20:28:56|x-482-508| 
test@test.test|2016-12-03 17:34:10|xabm5-98j| 
test@test.test|2016-12-03 20:28:47|xhewk0yt| 
test@test.test|2016-12-06 21:59:39|xlcvevmtu| 
test@test.test|2016-12-09 0:56:06|xv14y5aqh| 
test@test.test|2016-12-09 13:31:40|x9pkwadek| 
test@test.test|2016-12-11 11:22:11|xdfrpprwh| 
test@test.test|2016-12-15 12:54:12|xmqcf8mp-| 
test@test.test|2016-12-16 12:37:21|x9jor5p5t| 
test@test.test|2016-12-17 10:49:31|xzwitdx2t| 
test@test.test|2016-12-17 12:34:23|xghqjqi+_| 
test@test.test|2016-12-18 14:35:37|xuygr9c_m| 
test@test.test|2016-12-18 14:39:25|xcdglm0i| 
test@test.test|2016-12-18 14:49:51|x7ycu841i| 
test@test.test|2016-12-18 15:49:09|xd7un8ny| 
test@test.test|2016-12-18 17:55:26|xlpum4e57| 
test@test.test|2016-12-18 18:01:55|x13pr91dp| 
mancuso_marco@me.com|2016-12-19 19:32:05|x0cud42os| 
test@test.test|2016-12-20 21:34:03|xTosCy8rVUtqc| 
test@test.test|2016-12-20 21:36:32|xxN82SiCDWmFb| 
